Effect Type|Implementation Hook|Attribute ID on 1.20.1 (VERIFY in-game)|Example Magnitude|Point Cost|Difficulty|Notes
ATTR_MAX_HEALTH|AttributeModifier ADDITION|minecraft:generic.max_health|+4.0 (2 hearts)|4|Easy|Remove modifier on unequip or players keep the hearts
ATTR_ARMOR|AttributeModifier ADDITION|minecraft:generic.armor|+2.0|3|Easy|Flat armor points - very strong early
ATTR_ARMOR_TOUGHNESS|AttributeModifier ADDITION|minecraft:generic.armor_toughness|+2.0|3|Easy|Reduces high-damage-hit scaling
ATTR_KNOCKBACK_RESIST|AttributeModifier ADDITION|minecraft:generic.knockback_resistance|+0.2 (20%)|2|Easy|1.0 = immune. Keep low
ATTR_ATTACK_DAMAGE|AttributeModifier MULTIPLY_TOTAL|minecraft:generic.attack_damage|+10%|4|Easy|Multiplied applies after weapon damage
ATTR_ATTACK_SPEED|AttributeModifier MULTIPLY_TOTAL|minecraft:generic.attack_speed|+10%|4|Easy|Big DPS impact - be conservative
ATTR_MOVEMENT_SPEED|AttributeModifier MULTIPLY_TOTAL|minecraft:generic.movement_speed|+5%|3|Easy|Above +20% feels broken and breaks some anti-cheat
ATTR_LUCK|AttributeModifier ADDITION|minecraft:generic.luck|+1.0|3|Easy|Only affects loot tables with quality/bonus_rolls - fishing, chests
ATTR_BLOCK_BREAK_SPEED|AttributeModifier MULTIPLY_TOTAL|NOT IN 1.20.1 - use Forge PlayerEvent.BreakSpeed|+15%|3|Medium|Global mining speed multiplier
ATTR_MINING_EFFICIENCY|AttributeModifier ADDITION|NOT IN 1.20.1 - fold into the same BreakSpeed hook|+2.0|3|Medium|Behaves like the Efficiency enchant term
ATTR_SUBMERGED_MINING|AttributeModifier ADDITION|NOT IN 1.20.1 - BreakSpeed hook - check isEyeInFluid|+0.5|1|Medium|Removes the underwater mining penalty
ATTR_SNEAKING_SPEED|AttributeModifier MULTIPLY_TOTAL|NOT IN 1.20.1 - no clean hook - CUT for v1|+30%|1|Medium|Quality of life - cheap
ATTR_STEP_HEIGHT|AttributeModifier ADDITION|forge:step_height_addition - Forge-added - VERIFY|+0.5|2|Easy|Walk up full blocks
ATTR_SAFE_FALL_DISTANCE|AttributeModifier ADDITION|NOT IN 1.20.1 - LivingFallEvent - raise the threshold|+3.0|2|Medium|Fall damage starts later
ATTR_FALL_DAMAGE_MULT|AttributeModifier MULTIPLY_TOTAL|NOT IN 1.20.1 - LivingFallEvent damageMultiplier|-25%|2|Medium|Negative value = less damage
ATTR_OXYGEN_BONUS|AttributeModifier ADDITION|NOT IN 1.20.1 - tick hook on air supply|+2.0|2|Medium|Longer breath underwater
ATTR_BURNING_TIME|AttributeModifier MULTIPLY_TOTAL|NOT IN 1.20.1 - tick hook trimming remaining fire ticks|-50%|2|Medium|Shorter time on fire
ATTR_EXPLOSION_KB_RESIST|AttributeModifier ADDITION|NOT IN 1.20.1 - no clean hook - CUT for v1|+0.5|2|Medium|Creeper/TNT knockback only - not damage
ATTR_INTERACTION_RANGE|AttributeModifier ADDITION|forge:block_reach / forge:entity_reach - Forge-added - VERIFY|+1.0|3|Easy|Very noticeable in PvP - gate behind high rarity
ATTR_JUMP_STRENGTH|AttributeModifier MULTIPLY_TOTAL|NOT IN 1.20.1 for players - horse only - use LivingJumpEvent|+10%|3|Medium|Pair with safe_fall_distance or players die to it
ATTR_MAX_ABSORPTION|AttributeModifier ADDITION|minecraft:generic.max_absorption - VERIFY it exists on 1.20.1|+4.0|4|Medium|Needs a refill source or it does nothing
ATTR_WATER_MOVE_EFF|AttributeModifier ADDITION|forge:swim_speed - Forge-added - VERIFY|+0.5|2|Easy|Depth Strider equivalent
ATTR_GRAVITY|AttributeModifier MULTIPLY_TOTAL|forge:entity_gravity - Forge-added - VERIFY|-10%|3|Medium|Feels odd - test heavily before shipping
DMG_VS_TYPE|Damage event - check target entity type tag|n/a|+15% vs undead|4|Medium|Forge LivingHurtEvent (pre-armor) or LivingDamageEvent (post-armor). Use entity type TAGS not hardcoded types
DMG_RESIST_FROM_TYPE|Damage event - check source entity type|n/a|-20% from creepers|4|Medium|Also match DamageSource types for explosion/fire/projectile
DMG_VS_DAMAGE_SOURCE|Damage event - check DamageSource tag|n/a|-30% explosion damage|3|Medium|Cleaner than entity checks for environmental damage
TOOL_TIER_HAND|Break-speed event + correct-tool-for-drops event|n/a|Bare hand counts as stone tier|5|Hard|TWO hooks. Speed alone still drops nothing - you must also override the drop check
TOOL_PROFICIENCY|Break-speed event scoped to a tool tag|n/a|+25% speed with axes|3|Medium|Scope by item tag so modded tools benefit too
POTION_DURATION_MULT|Effect-added event - rebuild the MobEffectInstance|n/a|+25% duration|4|Medium|Only extend beneficial effects. Watch for infinite re-application loops
POTION_AMPLIFIER_BOOST|Effect-added event|n/a|+1 amplifier on self-brewed potions|6|Hard|Amplifier jumps are huge. Restrict to specific effects
XP_MULT|XP pickup / drop event|n/a|+20% XP|2|Easy|Popular and safe
PASSIVE_EFFECT|Re-apply a hidden MobEffectInstance every 40 ticks|n/a|Night Vision while below y=0|3|Medium|Use ambient+hidden particles or it looks terrible
ON_KILL_PROC|Death event|n/a|10% chance to restore 1 heart on kill|4|Medium|Add an internal cooldown
ON_HURT_PROC|Damage event|n/a|Below 30% HP gain Strength I for 5s|5|Medium|Cooldown mandatory
ON_MINE_PROC|Block break event|n/a|3% chance to double ore drops|5|Medium|Respect Silk Touch and fortune. Do not double-fire on multi-block breaks
LOOT_LUCK_CONTEXT|Loot context modifier|n/a|+1 effective luck on chest loot|4|Hard|Requires a global loot modifier
ENCHANT_INTRINSIC|Attack event - apply an enchantment's effect as if the held weapon carried it|n/a|Fire Aspect I on any melee weapon|4|Medium|Apply the EFFECT - never write the enchantment onto the item or it survives being dropped or traded. Do not stack with a real Fire Aspect on the same weapon - take the higher level
ACTIVE_ABILITY|Keybind or use event plus a per-player server-side cooldown|n/a|Throw a conjured ender pearl on a 5 second cooldown|6|Hard|THE FIRST ACTIVATED ABILITY IN THE MOD. Needs a keybind - a cooldown readout on the HUD - and cooldown validation on the server. Never trust a client-reported cooldown
CUSTOM|Bespoke code|n/a|Varies|Varies|Hard|Reserve for Legendary/Mythic only - each one is a maintenance burden
|||||||
IMPORTANT|Attribute IDs are now written for 1.20.1 - note the generic. prefix that 1.21 later removed - and Operation is the old ADDITION / MULTIPLY_BASE / MULTIPLY_TOTAL enum. Print the full attribute registry in-game as the Phase 0 task says and correct anything marked VERIFY.||||||
IMPORTANT|On 1.20.1 a modifier is keyed by UUID - not by ResourceLocation. Store a ResourceLocation-shaped id in the title JSON and derive the UUID from it with UUID.nameUUIDFromBytes so the content files survive the port untouched. Reusing one id across two titles makes the second silently overwrite the first.||||||
IMPORTANT|Always remove modifiers on unequip AND on player logout-save. Orphaned max_health modifiers are the classic way this kind of mod corrupts a save.||||||
IMPORTANT|COST OF THE 1.20.1 DECISION - 12 of the 23 ATTR_ effects below have no vanilla attribute on 1.20.1. They were all added in 1.20.5 / 1.21. Each is now an event hook instead of a free attribute modifier - more code - more to test - and more to delete at port time when the real attribute finally exists.||||||
IMPORTANT|Re-cost the affected effects on the Balance Model sheet. Point costs were set assuming these were cheap attribute modifiers. An event-hook implementation does not change how strong the effect is - but it does change whether it is worth building for v1. ATTR_SNEAKING_SPEED and ATTR_EXPLOSION_KB_RESIST are the two to cut.||||||
