Mod or Group|Registry Namespace|Seen In|Why It Matters To Us|Integration Type|What We Actually Do|Notes
PROVENANCE|-|-|Cisco's Dragonfyre was read from its CurseForge instance manifest on 2026-08-25 - MC 1.20.1 - forge-47.4.13 - 375 mods. The full list is in design/reference/cisco-dragonfyre-modlist.txt. Soulrend and Beyond Depth come from their CurseForge store pages plus one page of Soulrend's 468-entry relations list - NOT full manifests.|-|Treat every Soulrend and Beyond Depth row as provisional until we read their manifests|To capture a pack cheaply download the modpack zip from its Files tab instead of installing it - a few hundred KB containing manifest.json and modlist.html
LEGEND - FREE|-|-|A generic datapack condition keyed on a registry id or tag reaches this mod's content with no dependency and no code. The condition is simply never satisfied when the mod is absent.|-|Nothing. Write the title JSON.|This is the overwhelming majority of integration and it is why the datapack vocabulary matters more than any Java compat class
LEGEND - COMMAND|-|-|The pack author drives us. Their quest or script calls our command as a reward.|-|Keep the command surface clean and scriptable|Zero code on either side. Probably our single highest-value integration path
LEGEND - COMPAT CLASS|-|-|We want to read or write something only this mod defines.|-|One isolated class behind a ModList.get().isLoaded() guard - never referenced from a field type in a loaded class|Per the Integration dependencies decision. Core must load and play correctly with it absent
LEGEND - WATCH|-|-|Grants attributes of its own. Does not need code from us - it needs our additive-only rule to be correct.|-|Nothing. Listed so we remember why the Stacking with other mods rule exists|See the Balance Model sheet
LEGEND - VERIFY|-|-|Alters the damage or attribute pipeline in a way that could make our numbers behave differently than we expect.|-|Test in-game before trusting any balance number|Cannot be resolved on paper
Apotheosis and Apothic Attributes|attributeslib|Cisco's and Soulrend|Registers 21 real attributes on 1.20.1 - crit_chance - crit_damage - life_steal - overheal - ghost_health - armor_pierce - armor_shred - prot_pierce - prot_shred - dodge_chance - draw_speed - arrow_damage - arrow_velocity - current_hp_damage - fire_damage - cold_damage - healing_received - mining_speed - experience_gained - elytra_flight - creative_flight|COMPAT CLASS|One compat class letting title effects target attributeslib attributes when it is loaded. Skip the effect silently when it is not.|THE most valuable single integration - present in both packs we have data for. mining_speed and experience_gained also map onto effects the Effect Catalog currently has to implement with event hooks. Namespace is attributeslib NOT apothic_attributes - verified against ALObjects.java on the 1.20 branch
AttributeFix|attributefix|Cisco's|Raises or removes the hard-coded min and max bounds vanilla puts on attributes. Its presence is direct evidence that this pack expects inflated attribute totals.|WATCH|Nothing - but config validation must not accept a cap value that vanilla would silently clamp when AttributeFix is absent|The clearest single proof that clamping the player's final attribute value would have been the wrong design
Passive Skill Trees|skilltree|Cisco's and Soulrend|Grants attributes directly through a skill tree. Stacks with everything else.|WATCH|Nothing|One of four separate attribute sources in Cisco's alone
Just Leveling|-|Soulrend|Levelling system granting attribute points as the player levels|WATCH|Nothing|A level-50 Soulrend player may sit far above vanilla baselines before our mod does anything
Origins family|origins|Cisco's|Origins (Forge) plus Origins Classes plus Medieval Origins Revival plus Strictly Origins. Grants powers - some attribute-backed.|WATCH|Nothing for v1|An origin-gated title condition is possible later but is not worth a compat class yet
Better Combat|bettercombat|Cisco's|Combat overhaul changing attack handling and reach|VERIFY|Confirm attack_damage and attack_speed modifiers flow through as expected|The pack also ships a Better Combat x Apotheosis Compat mod - the author has already had to reconcile two attribute systems by hand. Staying additive-only keeps us off that list
Epic Fight|epicfight|Soulrend|Full combat overhaul with its own movesets and damage handling|VERIFY|Confirm our attribute modifiers are respected at all|The highest-risk unknown on this sheet. If Epic Fight bypasses vanilla attack attributes then damage titles are inert in Soulrend and that pack needs a different lever
FTB Quests and FTB Library|ftbquests|Cisco's - Soulrend - Beyond Depth|Quest system with command rewards. Every pack we target runs a quest system.|COMMAND|Keep /titles grant clean - scriptable - and safe to call from a quest reward|Lets a pack author award our titles as quest rewards with no code from either side. Cheapest and most likely-used path we have
L_Ender's Cataclysm|cataclysm|Cisco's - Soulrend - Beyond Depth|Boss and mob content in all three target packs|FREE|Title JSON keyed on entity ids|Appears in every pack we have looked at - strongest candidate for shipping example title JSON
Mowzie's Mobs|mowziesmobs|Cisco's - Soulrend - Beyond Depth|Boss content in all three target packs|FREE|Title JSON keyed on entity ids|Same as Cataclysm
Alex's Mobs and Alex's Caves|alexsmobs and alexscaves|Cisco's and Soulrend|Large mob and biome content|FREE|Title JSON keyed on entity - biome and item ids|
Bosses of Mass Destruction and Bosses Rise|bosses_of_mass_destruction|Cisco's|Additional named boss fights|FREE|Title JSON keyed on entity ids|
Mutant Monsters|mutantmonsters|Cisco's|Upgraded vanilla mob variants|FREE|Title JSON keyed on entity ids|
Marium's Soulslike Weaponry|soulslikeweaponry|Cisco's|Weapon content with unique mechanics|FREE|Title JSON keyed on item ids and kill-with-item conditions|
Irons Spells n Spellbooks and Ars Elemental|irons_spellbooks and ars_elemental|Cisco's|Magic systems with their own progression|FREE for v1|Title JSON keyed on item and entity ids|A spell-cast-count condition would need a compat class. Not worth it until someone asks for it
The Twilight Forest and The Aether|twilightforest and aether|Cisco's|Full extra dimensions|FREE|Title JSON keyed on dimension ids|
The Undergarden - Deeper and Darker - Voidscape|-|Beyond Depth|Three extra dimensions|FREE|Title JSON keyed on dimension ids|From the Beyond Depth store page - provisional until we read its manifest
Structure mod family|-|Cisco's and Beyond Depth|When Dungeons Arise - Dungeons Plus - Dungeon Crawl - Dungeons Enhanced - Stalwart Dungeons - YUNGs Better Dungeons - Explorify|FREE|Title JSON keyed on structure ids or tags|A reach-a-structure condition covers all of these at once if we key on tags wherever possible
Sinytra Connector and Forgified Fabric API and Architectury|-|Cisco's|Lets the pack run Fabric mods on Forge|NO ACTION|Nothing|Connector goes Fabric to Forge only - never the reverse. This is why a Forge mod is the correct shape for Cisco's - and why Prominence II being a Fabric pack cannot be solved this way
CONCLUSION - what actually needs code|-|-|Exactly two things - attributeslib as a compat class and a clean /titles grant command. Everything else on this sheet is datapack JSON or nothing at all.|-|Prioritise the condition and effect vocabulary over any per-mod Java|The mods worth a compat class are the ones appearing in EVERY target pack. There are two of them. Resist adding more
CONCLUSION - what to build for pack authors|-|-|Ship example title JSON for Cataclysm and Mowzies since they appear in all three packs - and document the condition vocabulary properly|-|A pack author who can write their own titles is worth more than any compat class we write for them|Also port-proof - JSON survives the jump to 26.x untouched while every Java compat class is a liability
